{"cameraMode":{"drawMode":0,"name":"Shaded","section":"Shading Mode"},"sceneLighting":true,"audioPlay":false,"sceneViewState":{"m_AlwaysRefresh":false,"showFog":true,"showSkybox":true,"showFlares":true,"showImageEffects":true,"showParticleSystems":true,"showVisualEffectGraphs":true,"m_FxEnabled":true},"in2DMode":false,"pivot":{"x":0.31173551082611086,"y":1.359096884727478,"z":-0.1600956916809082},"rotation":{"x":-0.07177453488111496,"y":-0.9098017811775208,"z":0.1771494448184967,"w":-0.3685576617717743},"size":2.0614964962005617,"orthographic":false}