{"cameraMode":{"drawMode":0,"name":"Shaded","section":"Shading Mode"},"sceneLighting":true,"audioPlay":false,"sceneViewState":{"m_AlwaysRefresh":false,"showFog":true,"showSkybox":true,"showFlares":true,"showImageEffects":true,"showParticleSystems":true,"showVisualEffectGraphs":true,"m_FxEnabled":true},"in2DMode":false,"pivot":{"x":0.996139407157898,"y":-0.10862940549850464,"z":-0.18110202252864839},"rotation":{"x":-0.16149693727493287,"y":-0.7080872058868408,"z":0.17126919329166413,"w":-0.6657794713973999},"size":3.7489888668060304,"orthographic":false}