{"cameraMode":{"drawMode":0,"name":"Shaded","section":"Shading Mode"},"sceneLighting":true,"audioPlay":false,"sceneViewState":{"m_AlwaysRefresh":false,"showFog":true,"showSkybox":true,"showFlares":true,"showImageEffects":true,"showParticleSystems":true,"showVisualEffectGraphs":true,"m_FxEnabled":true},"in2DMode":false,"pivot":{"x":2.8867907524108888,"y":1.2066657543182374,"z":14.521037101745606},"rotation":{"x":-0.0008218823932111263,"y":0.9991921782493591,"z":-0.02818460762500763,"w":-0.029084403067827226},"size":1.2800997495651246,"orthographic":true}